{"c":[122.8155,122.56986900000001,122.7902615316,122.87519054367901,122.62944016259165,122.84993980892907,123.40276453806923,123.95807697849054,124.51588832489374,124.60201088259227,124.35280686082707,124.10410124710542,123.85589304461121,123.608181258522,123.36096489600494,123.11424296621294,123.33561433508778,123.42092054544176,123.64284335039648,123.72836205852045,123.4809053344034,123.70293599783594,123.78849626959139,124.01108001140653,124.56912987145785,125.1296909558794,125.69277456518086,125.77971112705586,126.00587526662271,126.57290170532251,127.14247976299646,127.23041902678546,127.45919168008608,128.03275804264646,128.12131307558377,128.3516876429307,128.44046326645505,128.18358233992214,127.9272151752423,128.1572407357086,128.2458818682438,127.98939010450732,128.21952746153647,128.7965153351134,129.37609965412142,129.95829210256497,130.04817894881867,129.78808259092105,129.52850642573918,129.26944941288772,129.01091051406195,128.7528886930338,128.49538291564775,128.23839214981643,127.98191536551683,128.21203928223915,128.30071831669233,128.04411688005894,127.78802864629881,128.01780393586472,128.10634862565675,128.33669628546897,128.42546154008326,128.16861061700308,127.91227339576909,128.14227208946437,128.23090286879795,128.46147448923924,129.0395511244408,129.12880251505942,128.87054491002928,129.1022666689992,129.68322686900967,129.77292346386844,130.00626778714036,130.0961878162169,130.3301134001981,130.42025742006712,130.15941690522698,129.89909807141652,130.13266926889014,130.71826628060015,131.30649847886284,131.3973178244385,131.6335829665737,132.22593408992327,132.3173893715833,132.55530889174125,132.6469919885079,132.3816980045309,132.6197331578582,133.21652195706855,133.30866238792436,133.0420450631485,132.77596097302217,133.01470504946778,133.10670589180594,132.84049248002233,133.07935259038652,133.17139814679007,132.9050553504965],"h":[123.492,123.245016,122.99852596800001,123.552019334856,123.3049152961863,123.05830546559392,123.61206784018908,124.16832214546992,124.72707959512454,125.28835145330258,125.03777475039597,124.78769920089518,124.53812380249339,124.2890475548884,124.04046945977863,123.79238852085908,123.54480374381735,124.10075536066452,123.85255384994319,124.40989034226793,124.16107056158339,123.91274842046023,124.47035578835228,124.22141507677557,124.78041144462107,125.34192329612185,125.90596195095439,126.47253877973368,126.21959370217421,126.78758187383399,127.35812599226624,127.93123755923143,127.67537508411297,128.24991427199146,128.82703888621543,128.569384808443,129.147947040081,128.8896511460008,128.6318718437088,128.3746081000214,128.95229383647148,128.69438924879856,128.43700047030094,129.0149669724173,129.59553432379317,130.17871422825024,130.76451844227736,130.5029894053928,130.241983426582,129.98149945972887,129.7215364608094,129.46209338788776,129.203169201112,128.94476286270978,128.68687333698435,128.4294995903104,129.0074323384668,128.74941747378986,128.49191863884226,128.23493480156458,128.81199200817161,128.55436802415528,129.13286268026397,128.87459695490344,128.61684776099364,128.35961406547167,128.9372323287663,128.67935786410874,129.2584149744972,129.84007784188248,129.5803976861987,129.3212368908263,129.903182456835,130.48774677789075,130.22677128433494,130.81279175511443,130.5511661716042,131.13864641937644,130.8763691265377,130.61461638828462,130.35338715550805,130.93997739770782,131.5292072959975,132.12108872882948,131.85684655137183,132.45020236085298,133.04622827147685,132.78013581493389,133.37764642610108,133.11089113324888,132.84466935098237,133.4424703630618,134.04296147969558,133.77487555673616,133.50732580562268,133.24031115401144,133.83989255420448,133.57221276909607,133.30506834355788,133.90494115110388,133.63713126880168],"l":[122.631,122.385738,122.140966524,122.690600873358,122.44521967161128,122.20032923226806,122.75023071381325,123.30260675202541,123.85746848240952,124.41482709058035,124.16599743639918,123.9176654415264,123.66983011064333,123.42249045042205,123.17564546952121,122.92929417858217,122.683435590225,123.235511050381,122.98904002828024,123.5424907084075,123.29540572699068,123.0488149155367,123.6025345826566,123.35532951349128,123.91042849630199,124.46802542453534,125.02813153894574,125.590758130871,125.33957661460924,125.90360470937499,126.47017093056716,127.03928669975473,126.7852081263552,127.3557415629238,127.92884239995696,127.67298471515704,128.24751314637524,127.99101812008247,127.73503608384232,127.47956601167463,128.05322405872715,127.79711761060972,127.5415233753885,128.11546023057775,128.69197980161533,129.2710937107226,129.85281363242083,129.593108005156,129.33392178914568,129.0752539455674,128.81710343767628,128.55946923080091,128.3023502923393,128.0457455917546,127.78965410057113,127.53407479236999,128.10797812893566,127.85176217267777,127.59605864833242,127.34086653103574,127.9139004304254,127.65807262956456,128.2325339563976,127.9760688884848,127.72011675070783,127.46467651720641,128.03826756153384,127.78219102641077,128.3572108860296,128.93481833501676,128.6769486983467,128.41959480095002,128.99748297755428,129.57797165095326,129.31881570765134,129.90075037833574,129.64094887757906,130.2243331475282,129.96388448123315,129.70395671227067,129.44454879884614,130.02704926844092,130.6121709901489,131.19992575960458,130.93752590808538,131.52674477467176,132.11861512615778,131.85437789590546,132.44772259643702,132.18282715124417,131.91846149694166,132.5120945736779,133.10839899925946,132.84218220126093,132.57649783685838,132.31134484118468,132.90674589296998,132.64093240118405,132.3756505363817,132.97134096379537,132.70539828186782],"o":[123,122.754,122.508492,123.059780214,122.813660653572,122.56803333226486,123.11958948226004,123.6736276349302,124.23015895928738,124.78919467460416,124.53961628525495,124.29053705268444,124.04195597857907,123.79387206662192,123.54628432248867,123.2991917538437,123.05259337033601,123.60633004050251,123.35911738042151,123.9142334086334,123.66640494181613,123.4190721319325,123.97445795652618,123.72650904061312,124.28327833129588,124.8425530837867,125.40434457266373,125.96866412324071,125.71672679499423,126.2824520655717,126.85072309986677,127.42155135381617,127.16670825110853,127.73895843823851,128.3137837512106,128.05715618370817,128.63341338653484,128.37614655976176,128.11939426664225,127.86315547810896,128.43853967776045,128.18166259840493,127.92529927320811,128.50096311993755,129.07921745397726,129.66007393252016,130.24354426521649,129.98305717668606,129.72309106233268,129.46364488020802,129.20471759044761,128.9463081552667,128.68841553895618,128.43103870787826,128.1741766304625,127.9178282772016,128.493458504449,128.2364715874401,127.97999864426521,127.72403864697668,128.29879682088807,128.0421992272463,128.6183891237689,128.36115234552136,128.10443004083032,127.84822118074867,128.42353817606204,128.1666910997099,128.74344120965858,129.32278669510205,129.06414112171186,128.80601283946842,129.38563989724602,129.96787527678362,129.70793952623004,130.29162525409805,130.03104200358985,130.616181692606,130.3549493292208,130.09423943056237,129.83405095170124,130.41830418098388,131.0051865497983,131.5947098892724,131.33152046949385,131.92251231160657,132.5161636170088,132.25113128977478,132.84626138057877,132.5805688578176,132.31540772010197,132.91082705484243,133.50892577658922,133.24190792503603,132.97542410918595,132.70947326096757,133.3066658906419,133.04005255886062,132.7739724537429,133.37145532978474,133.10471241912518],"s":"ok",